measure_id,measure_name,location_id,location_name,sex_id,sex_name,age_id,age_name,metric_id,metric_name,year,val,upper,lower
50,Live births,133,Venezuela (Bolivarian Republic of),3,Both,7,10-14 years,1,Number,2023,2918.3931692735678,6063.830547535652,1303.8567880314436
50,Live births,133,Venezuela (Bolivarian Republic of),3,Both,8,15-19 years,1,Number,2023,81147.84433183953,93041.63708137849,69683.67703125223
50,Live births,133,Venezuela (Bolivarian Republic of),3,Both,9,20-24 years,1,Number,2023,83141.9702449266,97467.76712274054,69204.13068474848
50,Live births,133,Venezuela (Bolivarian Republic of),3,Both,10,25-29 years,1,Number,2023,62061.90696097501,69558.1780949848,55333.99137908704
50,Live births,133,Venezuela (Bolivarian Republic of),3,Both,11,30-34 years,1,Number,2023,56952.03769810281,67151.71193507919,47801.50692709157
50,Live births,133,Venezuela (Bolivarian Republic of),3,Both,12,35-39 years,1,Number,2023,31743.160044076234,39157.22015544793,25347.942540253225
50,Live births,133,Venezuela (Bolivarian Republic of),3,Both,13,40-44 years,1,Number,2023,10329.363805286563,13311.998346131082,7844.087109178558
50,Live births,133,Venezuela (Bolivarian Republic of),3,Both,14,45-49 years,1,Number,2023,755.0291005072052,1058.3311055605263,515.1329200886338
50,Live births,133,Venezuela (Bolivarian Republic of),3,Both,15,50-54 years,1,Number,2023,60.72721474807318,62.17299261944248,59.264432052280675
50,Live births,133,Venezuela (Bolivarian Republic of),3,Both,162,10-19 years,1,Number,2023,84066.23750111311,96227.49307052194,71991.58193292348
50,Live births,133,Venezuela (Bolivarian Republic of),3,Both,169,10-54 years,1,Number,2023,329110.43256973557,380528.1595128655,280250.8604492378
50,Live births,133,Venezuela (Bolivarian Republic of),3,Both,215,35-54 years,1,Number,2023,42888.280164618074,53441.094480469146,34037.81227401216
50,Live births,133,Venezuela (Bolivarian Republic of),3,Both,218,40-54 years,1,Number,2023,11145.12012054184,14448.729336097445,8465.216914287654
50,Live births,169,Central African Republic,3,Both,7,10-14 years,1,Number,2023,2776.3073094276715,5827.024298249093,1220.6859494744674
50,Live births,169,Central African Republic,3,Both,8,15-19 years,1,Number,2023,57722.83160333753,62481.5217397176,53191.82477183563
50,Live births,169,Central African Republic,3,Both,9,20-24 years,1,Number,2023,74092.44314646897,80101.04925713855,68322.33612149478
50,Live births,169,Central African Republic,3,Both,10,25-29 years,1,Number,2023,60544.47803320047,63602.128866188905,57765.538151548266
50,Live births,169,Central African Republic,3,Both,11,30-34 years,1,Number,2023,45525.14762588047,48532.68096425498,42570.207320620386
50,Live births,169,Central African Republic,3,Both,12,35-39 years,1,Number,2023,30352.64883738888,33167.88751528509,27846.05464595358
50,Live births,169,Central African Republic,3,Both,13,40-44 years,1,Number,2023,12713.57008376235,14188.242065353634,11352.728283158753
50,Live births,169,Central African Republic,3,Both,14,45-49 years,1,Number,2023,2654.910907510245,3273.524088410527,2098.646698298416
50,Live births,169,Central African Republic,3,Both,15,50-54 years,1,Number,2023,185.91239493139722,190.33854929596257,181.43418140938468
50,Live births,169,Central African Republic,3,Both,162,10-19 years,1,Number,2023,60499.13891276521,65818.4249344366,55013.517064331056
50,Live births,169,Central African Republic,3,Both,169,10-54 years,1,Number,2023,286568.249941908,303616.6772022575,270362.50271908066
50,Live births,169,Central African Republic,3,Both,215,35-54 years,1,Number,2023,45907.04222359287,50134.53087198018,41875.592077757035
50,Live births,169,Central African Republic,3,Both,218,40-54 years,1,Number,2023,15554.393386203994,17229.15358606762,13952.056119203418
50,Live births,171,Democratic Republic of the Congo,3,Both,7,10-14 years,1,Number,2023,22782.07102182449,47316.61835271684,10185.295302756258
50,Live births,171,Democratic Republic of the Congo,3,Both,8,15-19 years,1,Number,2023,371646.4438241028,432072.8530211644,321222.4704569109
50,Live births,171,Democratic Republic of the Congo,3,Both,9,20-24 years,1,Number,2023,818118.6613966359,921762.9980926891,725087.6050208113
50,Live births,171,Democratic Republic of the Congo,3,Both,10,25-29 years,1,Number,2023,722787.4757433734,778233.5414061641,676329.5649826921
50,Live births,171,Democratic Republic of the Congo,3,Both,11,30-34 years,1,Number,2023,623083.8051827507,669305.5644014756,573975.8386314159
50,Live births,171,Democratic Republic of the Congo,3,Both,12,35-39 years,1,Number,2023,383186.0322418828,422678.4522197013,343629.173911887
50,Live births,171,Democratic Republic of the Congo,3,Both,13,40-44 years,1,Number,2023,149965.38289042606,169836.57720767782,130568.54898455489
50,Live births,171,Democratic Republic of the Congo,3,Both,14,45-49 years,1,Number,2023,25258.30394462315,31698.794635515504,19438.942535680766
50,Live births,171,Democratic Republic of the Congo,3,Both,15,50-54 years,1,Number,2023,1898.095539428129,1943.2849086431395,1852.3746658205635
50,Live births,171,Democratic Republic of the Congo,3,Both,162,10-19 years,1,Number,2023,394428.5148459273,455888.2967476266,343860.514009462
50,Live births,171,Democratic Republic of the Congo,3,Both,169,10-54 years,1,Number,2023,3118726.2717850474,3364117.673526443,2901029.2727059466
50,Live births,171,Democratic Republic of the Congo,3,Both,215,35-54 years,1,Number,2023,560307.8146163601,625515.8295871004,497625.2402019298
50,Live births,171,Democratic Republic of the Congo,3,Both,218,40-54 years,1,Number,2023,177121.78237447733,203239.48263936708,152378.5345556147
50,Live births,211,Mali,3,Both,7,10-14 years,1,Number,2023,10014.860955010736,20972.831712789262,4417.796426650631
50,Live births,211,Mali,3,Both,8,15-19 years,1,Number,2023,174374.0304955828,193063.49614402314,158167.44537689438
50,Live births,211,Mali,3,Both,9,20-24 years,1,Number,2023,279951.68442053895,301788.0565707159,258593.8982679972
50,Live births,211,Mali,3,Both,10,25-29 years,1,Number,2023,251256.16576532653,262968.3211805946,240664.09104448993
50,Live births,211,Mali,3,Both,11,30-34 years,1,Number,2023,182782.0241037,194350.29233603703,171690.41888705647
50,Live births,211,Mali,3,Both,12,35-39 years,1,Number,2023,107662.16312176253,116763.09019275458,98536.34508329157
50,Live births,211,Mali,3,Both,13,40-44 years,1,Number,2023,40483.053564014415,44864.72393183864,36315.81976646901
50,Live births,211,Mali,3,Both,14,45-49 years,1,Number,2023,11527.061421813176,13296.300537598818,9768.867864249401
50,Live births,211,Mali,3,Both,15,50-54 years,1,Number,2023,803.3423924259677,822.4681609783474,783.9916720724618
50,Live births,211,Mali,3,Both,162,10-19 years,1,Number,2023,184388.89145059354,202980.2025066187,167603.3895009526
50,Live births,211,Mali,3,Both,169,10-54 years,1,Number,2023,1058854.386240175,1121520.813431253,1000429.800641937
50,Live births,211,Mali,3,Both,215,35-54 years,1,Number,2023,160475.62050001608,175560.9650549809,145744.41620162345
50,Live births,211,Mali,3,Both,218,40-54 years,1,Number,2023,52813.45737825356,58887.00242606708,46966.81372198791
50,Live births,213,Niger,3,Both,7,10-14 years,1,Number,2023,10247.08394355295,21491.720828528694,4509.438635630914
50,Live births,213,Niger,3,Both,8,15-19 years,1,Number,2023,228657.4772817018,250249.26827347535,209018.6891325538
50,Live births,213,Niger,3,Both,9,20-24 years,1,Number,2023,351533.8145665655,370918.2278817423,332636.2114807622
50,Live births,213,Niger,3,Both,10,25-29 years,1,Number,2023,284565.63660596736,293427.85583149554,275892.8057770102
50,Live births,213,Niger,3,Both,11,30-34 years,1,Number,2023,207574.47846768997,214730.77775152214,200195.5107504345
50,Live births,213,Niger,3,Both,12,35-39 years,1,Number,2023,115085.64853100713,122243.38722534152,107370.54999097151
50,Live births,213,Niger,3,Both,13,40-44 years,1,Number,2023,48467.97433686915,52511.463480644234,44349.3713557077
50,Live births,213,Niger,3,Both,14,45-49 years,1,Number,2023,14309.624223411456,15921.457872271485,12548.730293757177
50,Live births,213,Niger,3,Both,15,50-54 years,1,Number,2023,980.2639428428331,1003.6018140516936,956.6515782901604
50,Live births,213,Niger,3,Both,162,10-19 years,1,Number,2023,238904.56122525476,261428.63541327562,217883.33006044224
50,Live births,213,Niger,3,Both,169,10-54 years,1,Number,2023,1261422.0018996082,1322030.3698388482,1207353.352801345
50,Live births,213,Niger,3,Both,215,35-54 years,1,Number,2023,178843.51103413058,191643.9548959759,165611.594792492
50,Live births,213,Niger,3,Both,218,40-54 years,1,Number,2023,63757.86250312344,69405.68550978665,58001.256257932044
50,Live births,214,Nigeria,3,Both,7,10-14 years,1,Number,2023,94341.56756760107,195855.66045201998,42207.07069968884
50,Live births,214,Nigeria,3,Both,8,15-19 years,1,Number,2023,1042096.3128255529,1218485.4170254718,892418.8472245265
50,Live births,214,Nigeria,3,Both,9,20-24 years,1,Number,2023,2377674.215640152,2679992.977421856,2101269.8458295413
50,Live births,214,Nigeria,3,Both,10,25-29 years,1,Number,2023,2086169.971084545,2219295.6119620376,1955257.3148574294
50,Live births,214,Nigeria,3,Both,11,30-34 years,1,Number,2023,1549767.4154544317,1683161.3189345435,1411183.1181691524
50,Live births,214,Nigeria,3,Both,12,35-39 years,1,Number,2023,833577.6118437572,938553.5094986698,726417.6403311183
50,Live births,214,Nigeria,3,Both,13,40-44 years,1,Number,2023,361352.0917147516,416690.33127227554,307495.60765999573
50,Live births,214,Nigeria,3,Both,14,45-49 years,1,Number,2023,140863.79757801502,165425.38134190426,117924.82549791409
50,Live births,214,Nigeria,3,Both,15,50-54 years,1,Number,2023,10945.312876230202,11205.896063147546,10681.664784648758
50,Live births,214,Nigeria,3,Both,162,10-19 years,1,Number,2023,1136437.880393154,1327417.3322995887,972763.0960461731
50,Live births,214,Nigeria,3,Both,169,10-54 years,1,Number,2023,8496788.296585036,9176528.058178524,7888219.970969551
50,Live births,214,Nigeria,3,Both,215,35-54 years,1,Number,2023,1346738.814012754,1533996.8081898529,1166078.5024174338
50,Live births,214,Nigeria,3,Both,218,40-54 years,1,Number,2023,513161.20216899685,591634.0296911598,438250.2931657993
50,Live births,435,South Sudan,3,Both,7,10-14 years,1,Number,2023,2576.972461512653,5355.04220425632,1151.1065656754276
50,Live births,435,South Sudan,3,Both,8,15-19 years,1,Number,2023,45157.76047228054,53246.22458785751,38592.05981076087
50,Live births,435,South Sudan,3,Both,9,20-24 years,1,Number,2023,102719.99417979358,115568.51595620697,90751.07809844158
50,Live births,435,South Sudan,3,Both,10,25-29 years,1,Number,2023,63044.28735194164,68183.29768317362,58397.065933607955
50,Live births,435,South Sudan,3,Both,11,30-34 years,1,Number,2023,48660.40580721942,54705.14920152991,43155.6338371536
50,Live births,435,South Sudan,3,Both,12,35-39 years,1,Number,2023,32509.47932183704,38101.541392803134,27633.080352955873
50,Live births,435,South Sudan,3,Both,13,40-44 years,1,Number,2023,13902.325082687821,16603.119722152103,11365.479402666546
50,Live births,435,South Sudan,3,Both,14,45-49 years,1,Number,2023,3730.2563407947846,4815.513285296232,2820.556927456462
50,Live births,435,South Sudan,3,Both,15,50-54 years,1,Number,2023,257.7849275780278,263.9222046688833,251.57546559526412
50,Live births,435,South Sudan,3,Both,162,10-19 years,1,Number,2023,47734.73293379319,55758.29999828971,41134.586630399426
50,Live births,435,South Sudan,3,Both,169,10-54 years,1,Number,2023,312559.2659456455,349552.5128731525,279542.73949270847
50,Live births,435,South Sudan,3,Both,215,35-54 years,1,Number,2023,50399.845672897674,57010.98001886129,44459.20530460935
50,Live births,435,South Sudan,3,Both,218,40-54 years,1,Number,2023,17890.366351060635,21693.743308368892,14480.899478630177
50,Live births,522,Sudan,3,Both,7,10-14 years,1,Number,2023,723.2838325128781,1488.056884812795,323.8667389536457
50,Live births,522,Sudan,3,Both,8,15-19 years,1,Number,2023,73165.35023995825,86782.70391620978,60786.5510163983
50,Live births,522,Sudan,3,Both,9,20-24 years,1,Number,2023,167618.54900847372,202983.75424531268,137701.73446238152
50,Live births,522,Sudan,3,Both,10,25-29 years,1,Number,2023,240896.63831150343,264768.41513439856,220223.73923018973
50,Live births,522,Sudan,3,Both,11,30-34 years,1,Number,2023,214564.8229382736,240914.8448670349,191254.02898490432
50,Live births,522,Sudan,3,Both,12,35-39 years,1,Number,2023,128762.5993226978,149195.40358051145,109680.43229884288
50,Live births,522,Sudan,3,Both,13,40-44 years,1,Number,2023,34820.040106034496,43413.053576403974,27892.000367959172
50,Live births,522,Sudan,3,Both,14,45-49 years,1,Number,2023,5904.444721930968,8063.62509645786,4184.480904576868
50,Live births,522,Sudan,3,Both,15,50-54 years,1,Number,2023,454.5292942634669,465.35061050959126,443.5807008010852
50,Live births,522,Sudan,3,Both,162,10-19 years,1,Number,2023,73888.63407247112,87638.74676541361,61489.957755978314
50,Live births,522,Sudan,3,Both,169,10-54 years,1,Number,2023,866910.2577756486,980550.7919714354,766145.4787831245
50,Live births,522,Sudan,3,Both,215,35-54 years,1,Number,2023,169941.61344492674,199297.31953142348,143893.58267756674
50,Live births,522,Sudan,3,Both,218,40-54 years,1,Number,2023,41179.01412222893,50065.69527509195,33582.68891820407
50,Live births,125,Colombia,3,Both,7,10-14 years,1,Number,2023,1696.8773733804976,3491.8701905551043,759.51851723496
50,Live births,125,Colombia,3,Both,8,15-19 years,1,Number,2023,73322.64903955972,86289.79556923987,61376.715903505974
50,Live births,125,Colombia,3,Both,9,20-24 years,1,Number,2023,168472.91426792624,200994.52188134962,139400.75813924163
50,Live births,125,Colombia,3,Both,10,25-29 years,1,Number,2023,201679.1080947068,223345.0165615499,179974.16284143965
50,Live births,125,Colombia,3,Both,11,30-34 years,1,Number,2023,157611.41073236315,182985.1361761932,133994.14746896288
50,Live births,125,Colombia,3,Both,12,35-39 years,1,Number,2023,86063.45512805207,103896.42631849767,69898.40114466367
50,Live births,125,Colombia,3,Both,13,40-44 years,1,Number,2023,23407.70548531452,29655.280278118786,18238.211281077914
50,Live births,125,Colombia,3,Both,14,45-49 years,1,Number,2023,2331.1934825640114,3268.112965656472,1615.2061934404828
50,Live births,125,Colombia,3,Both,15,50-54 years,1,Number,2023,203.57250551002582,208.4191072339254,198.6688994474961
50,Live births,125,Colombia,3,Both,162,10-19 years,1,Number,2023,75019.52641294022,87918.69243339202,62742.64757113596
50,Live births,125,Colombia,3,Both,169,10-54 years,1,Number,2023,714788.886109377,828297.7176889777,613173.3797285332
50,Live births,125,Colombia,3,Both,215,35-54 years,1,Number,2023,112005.92660144063,136583.7395417057,91362.90130144656
50,Live births,125,Colombia,3,Both,218,40-54 years,1,Number,2023,25942.47147338856,33056.50843778043,20089.182144054867
50,Live births,157,Yemen,3,Both,7,10-14 years,1,Number,2023,991.8917655118519,2052.2603382333477,446.0815261152151
50,Live births,157,Yemen,3,Both,8,15-19 years,1,Number,2023,104875.89251786661,125165.0453426774,88902.41687034963
50,Live births,157,Yemen,3,Both,9,20-24 years,1,Number,2023,281570.25873307104,321133.86235856265,246414.52432300893
50,Live births,157,Yemen,3,Both,10,25-29 years,1,Number,2023,245425.79232096765,266708.5454770754,227395.5450405586
50,Live births,157,Yemen,3,Both,11,30-34 years,1,Number,2023,209458.650492837,234487.73875728593,187325.76030035535
50,Live births,157,Yemen,3,Both,12,35-39 years,1,Number,2023,137710.8341595811,159408.3783751677,119346.26248812095
50,Live births,157,Yemen,3,Both,13,40-44 years,1,Number,2023,56418.51626292562,66123.82405476848,47315.60727166762
50,Live births,157,Yemen,3,Both,14,45-49 years,1,Number,2023,14233.939001341036,17681.252154427053,11122.187379018025
50,Live births,157,Yemen,3,Both,15,50-54 years,1,Number,2023,914.0423028296822,935.8035863070967,892.0250693809148
50,Live births,157,Yemen,3,Both,162,10-19 years,1,Number,2023,105867.78428337845,126309.86368735606,89746.76528820732
50,Live births,157,Yemen,3,Both,169,10-54 years,1,Number,2023,1051599.8175569316,1182420.7313194033,943541.8574674088
50,Live births,157,Yemen,3,Both,215,35-54 years,1,Number,2023,209277.33172667745,236476.42184220732,187049.61048237787
50,Live births,157,Yemen,3,Both,218,40-54 years,1,Number,2023,71566.49756709635,84609.86775877219,59461.29174625506
50,Live births,160,Afghanistan,3,Both,7,10-14 years,1,Number,2023,1127.3640462210656,2337.576664511113,505.3594538106737
50,Live births,160,Afghanistan,3,Both,8,15-19 years,1,Number,2023,126686.75613850693,149273.32335052005,108625.56225479624
50,Live births,160,Afghanistan,3,Both,9,20-24 years,1,Number,2023,413855.9404642667,448865.81692882924,380480.4677196665
50,Live births,160,Afghanistan,3,Both,10,25-29 years,1,Number,2023,405917.386035628,424695.21825099364,388385.4727149687
50,Live births,160,Afghanistan,3,Both,11,30-34 years,1,Number,2023,234828.59458280233,251247.37535165178,217284.5270825007
50,Live births,160,Afghanistan,3,Both,12,35-39 years,1,Number,2023,100431.75303743558,111780.98534004047,89112.28174840512
50,Live births,160,Afghanistan,3,Both,13,40-44 years,1,Number,2023,39437.48731876154,45192.66553084563,33837.00889373055
50,Live births,160,Afghanistan,3,Both,14,45-49 years,1,Number,2023,21173.793177557895,25009.549063525723,17233.247424170335
50,Live births,160,Afghanistan,3,Both,15,50-54 years,1,Number,2023,2027.0947703509505,2075.3553199957846,1978.266593970686
50,Live births,160,Afghanistan,3,Both,162,10-19 years,1,Number,2023,127814.12018472799,150101.64622596683,109843.98169447696
50,Live births,160,Afghanistan,3,Both,169,10-54 years,1,Number,2023,1345486.169571531,1433427.5824985225,1266575.1102477105
50,Live births,160,Afghanistan,3,Both,215,35-54 years,1,Number,2023,163070.12830410595,183727.77734561815,142769.90630928936
50,Live births,160,Afghanistan,3,Both,218,40-54 years,1,Number,2023,62638.37526667039,72270.94816833333,53362.2609149647
50,Live births,161,Bangladesh,3,Both,7,10-14 years,1,Number,2023,11337.398066283236,23533.369488309396,5073.361120395976
50,Live births,161,Bangladesh,3,Both,8,15-19 years,1,Number,2023,599904.2306291279,695450.2403711305,506743.8312809669
50,Live births,161,Bangladesh,3,Both,9,20-24 years,1,Number,2023,983289.2980898299,1128712.8769028976,845485.3327633364
50,Live births,161,Bangladesh,3,Both,10,25-29 years,1,Number,2023,832175.5871839843,909441.0762205822,755873.8421613626
50,Live births,161,Bangladesh,3,Both,11,30-34 years,1,Number,2023,587940.1533667584,667256.3574417802,511338.82274924434
50,Live births,161,Bangladesh,3,Both,12,35-39 years,1,Number,2023,219905.29827888982,260490.60542372987,183021.10010892706
50,Live births,161,Bangladesh,3,Both,13,40-44 years,1,Number,2023,34818.52487444861,42809.118575051936,27168.93229146694
50,Live births,161,Bangladesh,3,Both,14,45-49 years,1,Number,2023,6411.574783668359,8253.459976505537,4856.342008538111
50,Live births,161,Bangladesh,3,Both,15,50-54 years,1,Number,2023,499.91522494025753,511.8170777220396,487.8733859815705
50,Live births,161,Bangladesh,3,Both,162,10-19 years,1,Number,2023,611241.6286954111,709955.5439206201,516316.66486303497
50,Live births,161,Bangladesh,3,Both,169,10-54 years,1,Number,2023,3276281.9804979307,3649354.1496170876,2919150.4247122346
50,Live births,161,Bangladesh,3,Both,215,35-54 years,1,Number,2023,261635.31316194704,303359.50870567316,225906.47989848387
50,Live births,161,Bangladesh,3,Both,218,40-54 years,1,Number,2023,41730.01488305723,49486.66486801076,34053.74093947311
50,Live births,165,Pakistan,3,Both,7,10-14 years,1,Number,2023,12402.691965416363,25560.410186165776,5561.977207049837
50,Live births,165,Pakistan,3,Both,8,15-19 years,1,Number,2023,499614.41631155857,600297.3376089575,421041.9445824363
50,Live births,165,Pakistan,3,Both,9,20-24 years,1,Number,2023,1615292.1253255,1884393.0239678791,1400493.9617983827
50,Live births,165,Pakistan,3,Both,10,25-29 years,1,Number,2023,1825644.2206391552,1967936.7597261013,1698559.762717748
50,Live births,165,Pakistan,3,Both,11,30-34 years,1,Number,2023,1197599.7996658674,1350074.2355321315,1064797.6080753359
50,Live births,165,Pakistan,3,Both,12,35-39 years,1,Number,2023,556401.5492696958,668522.4940294182,464645.87233270914
50,Live births,165,Pakistan,3,Both,13,40-44 years,1,Number,2023,156410.92048500976,197751.74934849475,121677.81664321829
50,Live births,165,Pakistan,3,Both,14,45-49 years,1,Number,2023,54811.400074328136,72077.75895984609,40672.095222132884
50,Live births,165,Pakistan,3,Both,15,50-54 years,1,Number,2023,3931.063441374266,4024.65318623684,3836.372920790372
50,Live births,165,Pakistan,3,Both,162,10-19 years,1,Number,2023,512017.10827697493,610030.2254635596,433857.2806955993
50,Live births,165,Pakistan,3,Both,169,10-54 years,1,Number,2023,5922108.187177906,6719126.985798608,5269023.161429814
50,Live births,165,Pakistan,3,Both,215,35-54 years,1,Number,2023,771554.933270408,920200.7104563294,646374.9408282961
50,Live births,165,Pakistan,3,Both,218,40-54 years,1,Number,2023,215153.38400071216,261083.31642199578,178182.7718860576
50,Live births,201,Burkina Faso,3,Both,7,10-14 years,1,Number,2023,7952.191828813928,16556.67528000059,3541.181079204391
50,Live births,201,Burkina Faso,3,Both,8,15-19 years,1,Number,2023,116266.6805249492,132865.0981983071,103098.84378375046
50,Live births,201,Burkina Faso,3,Both,9,20-24 years,1,Number,2023,281707.66123724583,304344.53668328543,260607.52103367884
50,Live births,201,Burkina Faso,3,Both,10,25-29 years,1,Number,2023,248460.8300603549,260247.62016041123,237113.9334167214
50,Live births,201,Burkina Faso,3,Both,11,30-34 years,1,Number,2023,185979.70646399568,197216.7097703232,174047.05626093972
50,Live births,201,Burkina Faso,3,Both,12,35-39 years,1,Number,2023,118289.04990315133,127701.84401042969,108403.21530159366
50,Live births,201,Burkina Faso,3,Both,13,40-44 years,1,Number,2023,46626.700862373626,50932.48768380415,42314.29181224644
50,Live births,201,Burkina Faso,3,Both,14,45-49 years,1,Number,2023,10576.899116924616,12314.131819961964,8864.56114110815
50,Live births,201,Burkina Faso,3,Both,15,50-54 years,1,Number,2023,766.9933018836496,785.2536806603182,748.5181497720552
50,Live births,201,Burkina Faso,3,Both,162,10-19 years,1,Number,2023,124218.87235376313,141363.2067461394,109928.73127393654
50,Live births,201,Burkina Faso,3,Both,169,10-54 years,1,Number,2023,1016626.7132996927,1074501.737952735,964904.6707643978
50,Live births,201,Burkina Faso,3,Both,215,35-54 years,1,Number,2023,176259.64318433322,191443.1408880191,160400.67533106802
50,Live births,201,Burkina Faso,3,Both,218,40-54 years,1,Number,2023,57970.593281181886,63960.525167301384,51997.46002947435
50,Live births,202,Cameroon,3,Both,7,10-14 years,1,Number,2023,9546.199671295033,19853.77759400096,4258.499553703799
50,Live births,202,Cameroon,3,Both,8,15-19 years,1,Number,2023,149321.76138591193,173779.92504474404,129370.39922731544
50,Live births,202,Cameroon,3,Both,9,20-24 years,1,Number,2023,294433.3381409312,330186.70375437266,263240.2364392613
50,Live births,202,Cameroon,3,Both,10,25-29 years,1,Number,2023,260093.81296359492,280228.9173265826,241636.0326886389
50,Live births,202,Cameroon,3,Both,11,30-34 years,1,Number,2023,216660.88880483856,238813.91158729556,196524.6139993072
50,Live births,202,Cameroon,3,Both,12,35-39 years,1,Number,2023,115576.22914578888,133164.17998042295,100069.91825270101
50,Live births,202,Cameroon,3,Both,13,40-44 years,1,Number,2023,37526.724995587385,44935.15363046499,31248.417705317348
50,Live births,202,Cameroon,3,Both,14,45-49 years,1,Number,2023,7144.0192984439345,9169.803091276106,5396.445052922214
50,Live births,202,Cameroon,3,Both,15,50-54 years,1,Number,2023,493.63588056295237,505.3882363328076,481.7452969571455
50,Live births,202,Cameroon,3,Both,162,10-19 years,1,Number,2023,158867.96105720697,182370.2565047807,138141.48312987902
50,Live births,202,Cameroon,3,Both,169,10-54 years,1,Number,2023,1090796.6102869548,1218923.5494741204,978952.9525265855
50,Live births,202,Cameroon,3,Both,215,35-54 years,1,Number,2023,160740.60932038314,185806.115684715,139329.5678197263
50,Live births,202,Cameroon,3,Both,218,40-54 years,1,Number,2023,45164.38017459427,52807.800082222675,38683.54568635202
50,Live births,204,Chad,3,Both,7,10-14 years,1,Number,2023,9735.482079008527,20442.993979318937,4283.715927673583
50,Live births,204,Chad,3,Both,8,15-19 years,1,Number,2023,180162.96678620277,195669.55126522132,166704.00552804547
50,Live births,204,Chad,3,Both,9,20-24 years,1,Number,2023,255189.56953213472,269229.75449064455,242149.75408928952
50,Live births,204,Chad,3,Both,10,25-29 years,1,Number,2023,211412.7643197529,217303.24586657362,205737.9045768531
50,Live births,204,Chad,3,Both,11,30-34 years,1,Number,2023,152670.0627107286,157939.01881959685,147210.34539190383
50,Live births,204,Chad,3,Both,12,35-39 years,1,Number,2023,86321.66556386945,91342.96130983473,80665.31078860517
50,Live births,204,Chad,3,Both,13,40-44 years,1,Number,2023,32320.54247924705,35332.44267305326,29114.393538797187
50,Live births,204,Chad,3,Both,14,45-49 years,1,Number,2023,9315.901138878024,10701.701520899604,7879.617103584773
50,Live births,204,Chad,3,Both,15,50-54 years,1,Number,2023,633.5861781020051,648.6704344721581,618.3245050372052
50,Live births,204,Chad,3,Both,162,10-19 years,1,Number,2023,189898.4488652113,207092.4762361247,174854.33401619282
50,Live births,204,Chad,3,Both,169,10-54 years,1,Number,2023,937762.5407879241,977982.3320782923,899722.5613896962
50,Live births,204,Chad,3,Both,215,35-54 years,1,Number,2023,128591.69536009654,137787.54265089374,118608.66003228672
50,Live births,204,Chad,3,Both,218,40-54 years,1,Number,2023,42270.02979622708,46565.433479963154,37703.27229980917
50,Live births,114,Haiti,3,Both,7,10-14 years,1,Number,2023,868.9766257415571,1796.6337988028051,391.23341825814805
50,Live births,114,Haiti,3,Both,8,15-19 years,1,Number,2023,33896.67998698719,40022.65929413297,28532.35509790122
50,Live births,114,Haiti,3,Both,9,20-24 years,1,Number,2023,73523.37918616542,87328.8941191088,62463.50131303729
50,Live births,114,Haiti,3,Both,10,25-29 years,1,Number,2023,85607.24338108636,94007.74201011962,78215.76313496249
50,Live births,114,Haiti,3,Both,11,30-34 years,1,Number,2023,82021.36097590071,92571.44960739599,72452.07586032576
50,Live births,114,Haiti,3,Both,12,35-39 years,1,Number,2023,58386.39389523119,67617.51564405617,50282.78063186828
50,Live births,114,Haiti,3,Both,13,40-44 years,1,Number,2023,18778.739121076604,22796.51235670262,15317.200536881925
50,Live births,114,Haiti,3,Both,14,45-49 years,1,Number,2023,1899.5343385025126,2700.649947378875,1339.4597552570922
50,Live births,114,Haiti,3,Both,15,50-54 years,1,Number,2023,133.57912746632505,136.7593448922158,130.36150523570868
50,Live births,114,Haiti,3,Both,162,10-19 years,1,Number,2023,34765.656612728744,40755.22822915265,29404.034976387895
50,Live births,114,Haiti,3,Both,169,10-54 years,1,Number,2023,355115.8866381578,402332.06316807395,314497.24954711675
50,Live births,114,Haiti,3,Both,215,35-54 years,1,Number,2023,79198.24648227662,92993.97933732753,67157.15104090131
50,Live births,114,Haiti,3,Both,218,40-54 years,1,Number,2023,20811.85258704544,25651.49068760398,16785.863512772008
50,Live births,146,Lebanon,3,Both,14,45-49 years,1,Number,2023,273.50220134956714,363.87448976825254,203.69968051533155
50,Live births,146,Lebanon,3,Both,15,50-54 years,1,Number,2023,20.16865352050173,20.648823623415602,19.682835794633444
50,Live births,146,Lebanon,3,Both,162,10-19 years,1,Number,2023,3597.341030752495,4386.890575627497,2981.30575274516
50,Live births,146,Lebanon,3,Both,169,10-54 years,1,Number,2023,81665.94864553836,94611.57763598078,71212.06745410792
50,Live births,146,Lebanon,3,Both,215,35-54 years,1,Number,2023,17112.72401124845,20044.66103641362,14757.877568690057
50,Live births,146,Lebanon,3,Both,218,40-54 years,1,Number,2023,4101.009635439262,5144.754950281903,3238.7688154749167
50,Live births,153,Syrian Arab Republic,3,Both,7,10-14 years,1,Number,2023,216.65250577241875,441.45430516079307,97.79679455062731
50,Live births,153,Syrian Arab Republic,3,Both,8,15-19 years,1,Number,2023,22095.95693549052,27218.36207607441,18010.669722011455
50,Live births,153,Syrian Arab Republic,3,Both,9,20-24 years,1,Number,2023,62394.25046634775,77211.247908173,50745.23858735603
50,Live births,153,Syrian Arab Republic,3,Both,10,25-29 years,1,Number,2023,55301.214008952076,62376.360593972466,49714.440168035355
50,Live births,153,Syrian Arab Republic,3,Both,11,30-34 years,1,Number,2023,44746.747919777765,52063.10338114984,38319.89106994614
50,Live births,153,Syrian Arab Republic,3,Both,12,35-39 years,1,Number,2023,48239.81699144226,59047.18116129084,39561.80374356532
50,Live births,153,Syrian Arab Republic,3,Both,13,40-44 years,1,Number,2023,15257.338359777614,19755.500127394276,11905.04388159854
50,Live births,153,Syrian Arab Republic,3,Both,14,45-49 years,1,Number,2023,1312.469637091225,1881.0736291516278,910.6104502838789
50,Live births,153,Syrian Arab Republic,3,Both,15,50-54 years,1,Number,2023,104.92491593148934,107.42294127710001,102.39750952863051
50,Live births,153,Syrian Arab Republic,3,Both,162,10-19 years,1,Number,2023,22312.60944126294,27373.894086050077,18210.54133633411
50,Live births,153,Syrian Arab Republic,3,Both,169,10-54 years,1,Number,2023,249669.37174058313,300244.8787338167,209622.8432173874
50,Live births,153,Syrian Arab Republic,3,Both,215,35-54 years,1,Number,2023,64914.54990424259,80310.17214381692,52588.86548110098
50,Live births,153,Syrian Arab Republic,3,Both,218,40-54 years,1,Number,2023,16674.73291280033,21761.256663422417,12939.664576864237
50,Live births,187,Somalia,3,Both,15,50-54 years,1,Number,2023,648.7356809592687,664.1806127874389,633.1090902752205
50,Live births,187,Somalia,3,Both,162,10-19 years,1,Number,2023,133477.00417716132,151470.03470910736,117782.57631383928
50,Live births,187,Somalia,3,Both,169,10-54 years,1,Number,2023,937576.4409311552,987908.4337053731,890621.3619573759
50,Live births,187,Somalia,3,Both,215,35-54 years,1,Number,2023,156845.20181934707,169481.88519124335,143553.3033052025
50,Live births,187,Somalia,3,Both,218,40-54 years,1,Number,2023,58711.65069382084,64988.982528150555,52024.68274848537
50,Live births,190,Uganda,3,Both,7,10-14 years,1,Number,2023,12272.391389926104,25514.603733483862,5477.748385060604
50,Live births,190,Uganda,3,Both,8,15-19 years,1,Number,2023,208237.19016971628,240049.1114238553,180830.3459580784
50,Live births,190,Uganda,3,Both,9,20-24 years,1,Number,2023,508112.96917466144,558833.8309750189,461537.36979125044
50,Live births,190,Uganda,3,Both,10,25-29 years,1,Number,2023,413645.2468123144,439686.8544456577,390741.585058906
50,Live births,190,Uganda,3,Both,11,30-34 years,1,Number,2023,260509.51230306283,283920.14743447927,236465.79766257273
50,Live births,190,Uganda,3,Both,12,35-39 years,1,Number,2023,150087.4005146552,166959.95399172197,132964.48810465954
50,Live births,190,Uganda,3,Both,13,40-44 years,1,Number,2023,57517.59008868253,64946.680898072475,50164.36103814526
50,Live births,190,Uganda,3,Both,14,45-49 years,1,Number,2023,10230.018685946028,12776.682449133807,7968.233433691535
50,Live births,190,Uganda,3,Both,15,50-54 years,1,Number,2023,726.672470053963,743.9729008623848,709.1685565431345
50,Live births,190,Uganda,3,Both,162,10-19 years,1,Number,2023,220509.5815596424,254220.66559159633,191278.32495643437
50,Live births,190,Uganda,3,Both,169,10-54 years,1,Number,2023,1621338.9916090188,1740901.2524787372,1515340.7031469333
50,Live births,190,Uganda,3,Both,215,35-54 years,1,Number,2023,218561.68175933772,245135.27239038722,192233.34584583322
50,Live births,190,Uganda,3,Both,218,40-54 years,1,Number,2023,68474.28124468253,78460.42959693653,58774.0466665305
50,Live births,15,Myanmar,3,Both,7,10-14 years,1,Number,2023,516.0491028634561,1057.5438061177515,232.6955263820174
50,Live births,15,Myanmar,3,Both,8,15-19 years,1,Number,2023,70986.97225918116,85429.84914855292,59673.114160621095
50,Live births,15,Myanmar,3,Both,9,20-24 years,1,Number,2023,250918.19882018535,295026.1822522041,215378.45129491136
50,Live births,15,Myanmar,3,Both,10,25-29 years,1,Number,2023,297764.0029877424,321663.64869459975,275836.61914075864
50,Live births,15,Myanmar,3,Both,11,30-34 years,1,Number,2023,243892.2441768579,270563.14273620135,219794.26931522155
50,Live births,15,Myanmar,3,Both,12,35-39 years,1,Number,2023,162853.18448115437,184714.11449538372,142121.41625621595
50,Live births,15,Myanmar,3,Both,13,40-44 years,1,Number,2023,62907.91335800407,74368.51007149764,52304.693272376826
50,Live births,15,Myanmar,3,Both,14,45-49 years,1,Number,2023,6881.95565966288,8982.367366718932,5169.481826995325
50,Live births,15,Myanmar,3,Both,15,50-54 years,1,Number,2023,576.953723604738,590.6896890998175,563.0561996253624
50,Live births,15,Myanmar,3,Both,162,10-19 years,1,Number,2023,71503.02136204462,85887.22605767104,60203.64457913279
50,Live births,15,Myanmar,3,Both,169,10-54 years,1,Number,2023,1097297.4745692564,1199373.9108963208,1007416.679575965
50,Live births,15,Myanmar,3,Both,215,35-54 years,1,Number,2023,233220.00722242607,266434.6977185025,201321.7460348989
50,Live births,15,Myanmar,3,Both,218,40-54 years,1,Number,2023,70366.8227412717,81817.63738428244,59255.54823635985
50,Live births,63,Ukraine,3,Both,7,10-14 years,1,Number,2023,88.73122942782662,180.71982918894346,40.115498406501445
50,Live births,63,Ukraine,3,Both,8,15-19 years,1,Number,2023,17693.189431686493,21010.76115806687,14813.865303546469
50,Live births,63,Ukraine,3,Both,9,20-24 years,1,Number,2023,38519.453311094716,46478.936037250205,31308.63531255016
50,Live births,63,Ukraine,3,Both,10,25-29 years,1,Number,2023,56903.5293187371,63429.51894364298,50815.44185798698
50,Live births,63,Ukraine,3,Both,11,30-34 years,1,Number,2023,59952.99548823984,70836.62710412947,49990.849073430756
50,Live births,63,Ukraine,3,Both,12,35-39 years,1,Number,2023,34281.806093857216,42514.67357237829,27073.29397355771
50,Live births,63,Ukraine,3,Both,13,40-44 years,1,Number,2023,6194.858074916723,7938.300701890861,4732.2507111301275
50,Live births,63,Ukraine,3,Both,14,45-49 years,1,Number,2023,288.0107904260754,404.9573808075867,194.2523103621703
50,Live births,63,Ukraine,3,Both,15,50-54 years,1,Number,2023,25.67868048556982,26.290031889812777,25.06013854155169
50,Live births,63,Ukraine,3,Both,162,10-19 years,1,Number,2023,17781.920661114316,21117.89106367565,14891.687789172152
50,Live births,63,Ukraine,3,Both,169,10-54 years,1,Number,2023,213948.25241887156,250893.46847196025,180699.89681124158
50,Live births,63,Ukraine,3,Both,215,35-54 years,1,Number,2023,40790.353639685585,50806.861476035374,32183.87684878205
50,Live births,63,Ukraine,3,Both,218,40-54 years,1,Number,2023,6508.547545828368,8354.779919479346,4983.97027284596
50,Live births,146,Lebanon,3,Both,7,10-14 years,1,Number,2023,48.61065433491702,99.00736879256516,21.981340246602624
50,Live births,146,Lebanon,3,Both,8,15-19 years,1,Number,2023,3548.7303764175776,4348.253818488258,2933.356981746458
50,Live births,146,Lebanon,3,Both,9,20-24 years,1,Number,2023,10981.487690593956,13540.541781802996,8928.403881162372
50,Live births,146,Lebanon,3,Both,10,25-29 years,1,Number,2023,22947.61786653822,25647.259441292677,20617.647401671733
50,Live births,146,Lebanon,3,Both,11,30-34 years,1,Number,2023,27026.77804640524,31431.21653564087,23556.01750424039
50,Live births,146,Lebanon,3,Both,12,35-39 years,1,Number,2023,13011.71437580919,15756.10145889346,10815.364599035796
50,Live births,146,Lebanon,3,Both,13,40-44 years,1,Number,2023,3807.3387805691927,4763.273146034531,3013.3084679895287
50,Live births,179,Ethiopia,3,Both,7,10-14 years,1,Number,2023,20206.352696109414,41727.68984998238,9090.058156610621
50,Live births,179,Ethiopia,3,Both,8,15-19 years,1,Number,2023,308252.43222648965,365668.6733590164,261463.34676983932
50,Live births,179,Ethiopia,3,Both,9,20-24 years,1,Number,2023,1046524.8351488054,1180572.6777634704,922768.71983765
50,Live births,179,Ethiopia,3,Both,10,25-29 years,1,Number,2023,884796.3852506868,957927.6619160529,814961.6484945669
50,Live births,179,Ethiopia,3,Both,11,30-34 years,1,Number,2023,749330.1174980137,819784.5789715963,681601.901758576
50,Live births,179,Ethiopia,3,Both,12,35-39 years,1,Number,2023,444222.30356064026,500705.4439043126,392582.5105535486
50,Live births,179,Ethiopia,3,Both,13,40-44 years,1,Number,2023,167695.09209213516,192733.80218764374,143261.05281034813
50,Live births,179,Ethiopia,3,Both,14,45-49 years,1,Number,2023,35393.69509800048,44142.87774966201,27540.72389834121
50,Live births,179,Ethiopia,3,Both,15,50-54 years,1,Number,2023,2351.1148974346197,2407.0896347226517,2294.4818013498625
50,Live births,179,Ethiopia,3,Both,162,10-19 years,1,Number,2023,328458.78492259904,386686.24151355535,280294.6497103085
50,Live births,179,Ethiopia,3,Both,169,10-54 years,1,Number,2023,3658772.3284683153,3957466.9667139812,3383358.437987812
50,Live births,179,Ethiopia,3,Both,215,35-54 years,1,Number,2023,649662.2056482105,739927.5989813585,565306.5375219589
50,Live births,179,Ethiopia,3,Both,218,40-54 years,1,Number,2023,205439.90208757026,239221.21307499107,173944.43447629194
50,Live births,184,Mozambique,3,Both,7,10-14 years,1,Number,2023,13952.758777894162,29176.11761669847,6169.799607720741
50,Live births,184,Mozambique,3,Both,8,15-19 years,1,Number,2023,238387.26360723312,266375.8774261036,212196.10120967697
50,Live births,184,Mozambique,3,Both,9,20-24 years,1,Number,2023,355577.6078879846,390942.0971159673,321517.65623853146
50,Live births,184,Mozambique,3,Both,10,25-29 years,1,Number,2023,266412.1008086803,283348.33296412154,248515.58304609713
50,Live births,184,Mozambique,3,Both,11,30-34 years,1,Number,2023,166282.86632248163,182019.77281882177,151756.54481919826
50,Live births,184,Mozambique,3,Both,12,35-39 years,1,Number,2023,99323.39916093949,111587.02237826306,87403.111129182
50,Live births,184,Mozambique,3,Both,13,40-44 years,1,Number,2023,50219.85471187342,56751.36285373453,43751.15619528939
50,Live births,184,Mozambique,3,Both,14,45-49 years,1,Number,2023,16215.414315254244,18949.03814714187,13626.94921493452
50,Live births,184,Mozambique,3,Both,15,50-54 years,1,Number,2023,1184.2408151574527,1212.434915150839,1155.7151042509033
50,Live births,184,Mozambique,3,Both,162,10-19 years,1,Number,2023,252340.0223851273,281529.5332583537,225730.64447198014
50,Live births,184,Mozambique,3,Both,169,10-54 years,1,Number,2023,1207555.5064074984,1290641.2635959655,1132482.7680913687
50,Live births,184,Mozambique,3,Both,215,35-54 years,1,Number,2023,166942.9090032246,188640.2921541149,146912.00331294446
50,Live births,184,Mozambique,3,Both,218,40-54 years,1,Number,2023,67619.50984228512,76888.93617720183,58671.31218569236
50,Live births,187,Somalia,3,Both,7,10-14 years,1,Number,2023,6960.6180985877345,14539.500048906377,3083.300966107044
50,Live births,187,Somalia,3,Both,8,15-19 years,1,Number,2023,126516.38607857359,143453.73213578746,111001.66096483901
50,Live births,187,Somalia,3,Both,9,20-24 years,1,Number,2023,261670.14501499222,280195.1793125083,243884.22402807613
50,Live births,187,Somalia,3,Both,10,25-29 years,1,Number,2023,235075.52174313698,241986.69005592022,228317.77046301228
50,Live births,187,Somalia,3,Both,11,30-34 years,1,Number,2023,150508.56817651758,157117.40767524205,143841.39739424756
50,Live births,187,Somalia,3,Both,12,35-39 years,1,Number,2023,98133.55112552622,104983.61490845965,91053.25328922666
50,Live births,187,Somalia,3,Both,13,40-44 years,1,Number,2023,45801.76242947085,50000.84784325578,40994.85631838809
50,Live births,187,Somalia,3,Both,14,45-49 years,1,Number,2023,12261.15258339072,14402.93443616983,10064.059448783155
51,Crude birth rate,15,Myanmar,3,Both,7,10-14 years,3,Rate,2023,0.0981812899874841,0.17996734466670533,0.05011537277123261
51,Crude birth rate,15,Myanmar,3,Both,8,15-19 years,3,Rate,2023,13.763030327982284,14.815035269397187,13.096623462692804
51,Crude birth rate,15,Myanmar,3,Both,9,20-24 years,3,Rate,2023,50.16756519114988,52.76051888752735,48.7459273306371
51,Crude birth rate,15,Myanmar,3,Both,10,25-29 years,3,Rate,2023,65.04448573687927,62.84893320536002,68.20801892966065
51,Crude birth rate,15,Myanmar,3,Both,11,30-34 years,3,Rate,2023,58.886909981020686,58.431501602199816,60.073421143426316
51,Crude birth rate,15,Myanmar,3,Both,12,35-39 years,3,Rate,2023,41.82489532964794,42.43227588970656,41.31838696491193
51,Crude birth rate,15,Myanmar,3,Both,13,40-44 years,3,Rate,2023,17.136944643348727,18.120694183361643,16.129243488170847
51,Crude birth rate,15,Myanmar,3,Both,14,45-49 years,3,Rate,2023,2.0654126232211745,2.411256472088387,1.756253466065491
51,Crude birth rate,15,Myanmar,3,Both,15,50-54 years,3,Rate,2023,0.190370142739818,0.17433110434678223,0.21030753072184072
51,Crude birth rate,15,Myanmar,3,Both,162,10-19 years,3,Rate,2023,6.866123578759251,7.376892166977641,6.544179908408735
51,Crude birth rate,63,Ukraine,3,Both,7,10-14 years,3,Rate,2023,0.03844946298510177,0.06464886340774832,0.021489592740532696
51,Crude birth rate,63,Ukraine,3,Both,8,15-19 years,3,Rate,2023,8.955808095712365,8.779741810263422,9.269776354157537
51,Crude birth rate,63,Ukraine,3,Both,9,20-24 years,3,Rate,2023,27.72647361359594,27.619258043537815,27.859984711221163
51,Crude birth rate,63,Ukraine,3,Both,10,25-29 years,3,Rate,2023,32.3706218055923,29.788220716992797,35.73631419910976
51,Crude birth rate,63,Ukraine,3,Both,11,30-34 years,3,Rate,2023,22.361718571464355,21.81189866992653,23.050853825896887
51,Crude birth rate,63,Ukraine,3,Both,12,35-39 years,3,Rate,2023,9.937318312509793,10.173857799823056,9.701721857096492
51,Crude birth rate,63,Ukraine,3,Both,13,40-44 years,3,Rate,2023,1.9075715417065824,2.0179868254519717,1.8014384661692475
51,Crude birth rate,63,Ukraine,3,Both,14,45-49 years,3,Rate,2023,0.09520177936935927,0.11050627315278251,0.0793788335161448
51,Crude birth rate,63,Ukraine,3,Both,15,50-54 years,3,Rate,2023,0.0088534584152676,0.007482946982032017,0.010681344663941706
51,Crude birth rate,63,Ukraine,3,Both,162,10-19 years,3,Rate,2023,4.151407813169999,4.070132826641268,4.2979649135494675
51,Crude birth rate,114,Haiti,3,Both,7,10-14 years,3,Rate,2023,0.6104132403489441,1.058280877722987,0.3356029543320657
51,Crude birth rate,114,Haiti,3,Both,8,15-19 years,3,Rate,2023,25.920288850050106,25.6633973508439,26.643684025804273
51,Crude birth rate,114,Haiti,3,Both,9,20-24 years,3,Rate,2023,61.33136878573404,61.08585984045692,63.62935238234968
51,Crude birth rate,114,Haiti,3,Both,10,25-29 years,3,Rate,2023,77.63762208882022,71.49091684135338,86.62235368782652
51,Crude birth rate,114,Haiti,3,Both,11,30-34 years,3,Rate,2023,76.84354151940941,72.72487748079979,82.89058691247988
51,Crude birth rate,114,Haiti,3,Both,12,35-39 years,3,Rate,2023,59.15689789241289,57.44847204050293,62.213839715865376
51,Crude birth rate,114,Haiti,3,Both,13,40-44 years,3,Rate,2023,22.817109201910913,23.226733361433165,22.727285687329
51,Crude birth rate,114,Haiti,3,Both,14,45-49 years,3,Rate,2023,2.949639597817631,3.5165405872496582,2.5399516887568834
51,Crude birth rate,114,Haiti,3,Both,15,50-54 years,3,Rate,2023,0.2661198294618582,0.22846578988202543,0.3171480030620352
51,Crude birth rate,114,Haiti,3,Both,162,10-19 years,3,Rate,2023,12.728540877106548,12.512297091294148,13.146468242899426
51,Crude birth rate,165,Pakistan,3,Both,7,10-14 years,3,Rate,2023,0.4227130605331287,0.812585593196031,0.20333621962467352
51,Crude birth rate,165,Pakistan,3,Both,8,15-19 years,3,Rate,2023,19.870054146148416,22.269070842628995,17.961610872828338
51,Crude birth rate,165,Pakistan,3,Both,9,20-24 years,3,Rate,2023,75.61745476985081,82.28374652080461,70.32472645342507
51,Crude birth rate,165,Pakistan,3,Both,10,25-29 years,3,Rate,2023,98.74941286620013,99.28899254597047,98.54963923321479
51,Crude birth rate,165,Pakistan,3,Both,11,30-34 years,3,Rate,2023,73.28266087410624,77.05818138830864,69.88957728375186
51,Crude birth rate,165,Pakistan,3,Both,12,35-39 years,3,Rate,2023,38.00801022907788,42.59654930814365,34.04589211540761
51,Crude birth rate,165,Pakistan,3,Both,13,40-44 years,3,Rate,2023,12.356420532005504,14.57194532495659,10.310811523875923
51,Crude birth rate,165,Pakistan,3,Both,14,45-49 years,3,Rate,2023,5.35527892624983,6.568770151226459,4.262492002976858
51,Crude birth rate,165,Pakistan,3,Both,15,50-54 years,3,Rate,2023,0.47999092561734635,0.45837722055976643,0.5024578348036408
51,Crude birth rate,165,Pakistan,3,Both,162,10-19 years,3,Rate,2023,9.397434195421564,10.443540733909972,8.541370134284527
51,Crude birth rate,169,Central African Republic,3,Both,7,10-14 years,3,Rate,2023,3.275434793849394,5.775481069606902,1.7681788782578058
51,Crude birth rate,169,Central African Republic,3,Both,8,15-19 years,3,Rate,2023,82.0769470359637,74.63887397017008,92.86226812353472
51,Crude birth rate,169,Central African Republic,3,Both,9,20-24 years,3,Rate,2023,132.92685931417512,120.7304855340668,150.49510242089033
51,Crude birth rate,169,Central African Republic,3,Both,10,25-29 years,3,Rate,2023,141.11949326682327,124.544351435251,165.31114108155117
51,Crude birth rate,169,Central African Republic,3,Both,11,30-34 years,3,Rate,2023,125.26983030014097,112.1939201613955,143.82080744743448
51,Crude birth rate,169,Central African Republic,3,Both,12,35-39 years,3,Rate,2023,93.8370629603546,86.14608291089158,105.69691483645735
51,Crude birth rate,169,Central African Republic,3,Both,13,40-44 years,3,Rate,2023,45.55231308018737,42.70821463660692,49.941776633886846
51,Crude birth rate,169,Central African Republic,3,Both,14,45-49 years,3,Rate,2023,11.269708377622923,11.673959476565786,10.937621485701369
51,Crude birth rate,169,Central African Republic,3,Both,15,50-54 years,3,Rate,2023,0.977594739296612,0.840847387767923,1.1713601660370812
51,Crude birth rate,169,Central African Republic,3,Both,162,10-19 years,3,Rate,2023,39.00925526869388,35.653803376592556,43.55206058186683
51,Crude birth rate,171,Democratic Republic of the Congo,3,Both,7,10-14 years,3,Rate,2023,1.880780807118213,2.965888648890092,1.2563752808894175
51,Crude birth rate,171,Democratic Republic of the Congo,3,Both,8,15-19 years,3,Rate,2023,35.746292491746395,31.55398131566546,46.16445535423384
51,Crude birth rate,171,Democratic Republic of the Congo,3,Both,9,20-24 years,3,Rate,2023,94.60016367494946,80.92654873745663,125.27570200555743
51,Crude birth rate,171,Democratic Republic of the Congo,3,Both,10,25-29 years,3,Rate,2023,100.42487103566829,82.09879240234937,140.4073400063572
51,Crude birth rate,171,Democratic Republic of the Congo,3,Both,11,30-34 years,3,Rate,2023,103.32682877104605,84.27276298061234,142.22011436203502
51,Crude birth rate,171,Democratic Republic of the Congo,3,Both,12,35-39 years,3,Rate,2023,76.35421970006362,63.94839399690586,102.3090793415519
51,Crude birth rate,171,Democratic Republic of the Congo,3,Both,13,40-44 years,3,Rate,2023,36.86837530386662,31.702270561215087,47.96255741233827
51,Crude birth rate,171,Democratic Republic of the Congo,3,Both,14,45-49 years,3,Rate,2023,7.729257909701938,7.3649961240169555,8.888060971626816
51,Crude birth rate,171,Democratic Republic of the Congo,3,Both,15,50-54 years,3,Rate,2023,0.7035154954905334,0.5468752102057871,1.025853174854498
51,Crude birth rate,171,Democratic Republic of the Congo,3,Both,162,10-19 years,3,Rate,2023,17.522465818833282,15.377350763510014,22.824958699550475
51,Crude birth rate,146,Lebanon,3,Both,7,10-14 years,3,Rate,2023,0.09918358207848649,0.1726138524104954,0.053729003268495855
51,Crude birth rate,146,Lebanon,3,Both,8,15-19 years,3,Rate,2023,8.379582859954757,8.77332236195392,8.297755000739377
51,Crude birth rate,146,Lebanon,3,Both,9,20-24 years,3,Rate,2023,30.51816912900204,32.15386191692649,29.72469569698088
51,Crude birth rate,146,Lebanon,3,Both,10,25-29 years,3,Rate,2023,49.48558791256292,47.25871345125803,53.263110666987586
51,Crude birth rate,146,Lebanon,3,Both,11,30-34 years,3,Rate,2023,46.26547736897697,45.97521485032352,48.307096409269754
51,Crude birth rate,146,Lebanon,3,Both,12,35-39 years,3,Rate,2023,26.554886074423113,27.47631547884409,26.442187414871185
51,Crude birth rate,146,Lebanon,3,Both,13,40-44 years,3,Rate,2023,9.461929569586156,10.114943923210928,8.971149083434826
51,Crude birth rate,146,Lebanon,3,Both,14,45-49 years,3,Rate,2023,0.8119493913081947,0.9230379310898621,0.724443925992011
51,Crude birth rate,146,Lebanon,3,Both,15,50-54 years,3,Rate,2023,0.07461793430594335,0.0652771877168072,0.08723691106388183
51,Crude birth rate,146,Lebanon,3,Both,162,10-19 years,3,Rate,2023,3.937522795745894,4.1029674909364315,3.90925752886386
51,Crude birth rate,190,Uganda,3,Both,13,40-44 years,3,Rate,2023,33.307430231443256,33.38285552596337,33.08372499781981
51,Crude birth rate,190,Uganda,3,Both,14,45-49 years,3,Rate,2023,7.434358763094895,8.24159492905743,6.594893833954443
51,Crude birth rate,190,Uganda,3,Both,15,50-54 years,3,Rate,2023,0.666696071492066,0.6058601409809009,0.7409985054398769
51,Crude birth rate,190,Uganda,3,Both,162,10-19 years,3,Rate,2023,19.137276341008803,19.583467451195336,18.905888610363704
51,Crude birth rate,201,Burkina Faso,3,Both,7,10-14 years,3,Rate,2023,2.649119638473255,5.056311993929657,1.312696935411701
51,Crude birth rate,201,Burkina Faso,3,Both,8,15-19 years,3,Rate,2023,45.50617323098589,47.672943046382116,44.902492529190766
51,Crude birth rate,201,Burkina Faso,3,Both,9,20-24 years,3,Rate,2023,133.5642753360228,132.2827371029531,137.49288069443028
51,Crude birth rate,201,Burkina Faso,3,Both,10,25-29 years,3,Rate,2023,143.97552149242782,138.2494790637085,152.8936383228552
51,Crude birth rate,201,Burkina Faso,3,Both,11,30-34 years,3,Rate,2023,124.62380851568378,121.150491000876,129.77880041689733
51,Crude birth rate,201,Burkina Faso,3,Both,12,35-39 years,3,Rate,2023,91.60386526873717,90.65931483619278,93.4142285464191
51,Crude birth rate,201,Burkina Faso,3,Both,13,40-44 years,3,Rate,2023,45.6045879666456,45.66828954986002,46.05348897643426
51,Crude birth rate,201,Burkina Faso,3,Both,14,45-49 years,3,Rate,2023,13.590645792608647,14.505461085752136,12.674784483820158
51,Crude birth rate,201,Burkina Faso,3,Both,15,50-54 years,3,Rate,2023,1.2381250747794532,1.1620610287442028,1.3445498086067122
51,Crude birth rate,201,Burkina Faso,3,Both,162,10-19 years,3,Rate,2023,22.354432440213618,23.32160643587431,22.01348961926018
51,Crude birth rate,202,Cameroon,3,Both,7,10-14 years,3,Rate,2023,2.2166529860232225,3.9204794692152163,1.2046503799235098
51,Crude birth rate,202,Cameroon,3,Both,8,15-19 years,3,Rate,2023,40.31425977357519,39.89918516214685,42.55079941447676
51,Crude birth rate,202,Cameroon,3,Both,9,20-24 years,3,Rate,2023,94.7727379727331,90.38260628312337,103.22524837265422
51,Crude birth rate,202,Cameroon,3,Both,10,25-29 years,3,Rate,2023,97.79350948251393,89.60284398238478,110.6824914684337
51,Crude birth rate,202,Cameroon,3,Both,11,30-34 years,3,Rate,2023,92.9610793928828,87.13830232682162,102.72468279892362
51,Crude birth rate,202,Cameroon,3,Both,12,35-39 years,3,Rate,2023,58.70649455271703,57.52198733713895,61.92391311239821
51,Crude birth rate,202,Cameroon,3,Both,13,40-44 years,3,Rate,2023,24.018976686308633,24.45844835555532,24.365710893567613
51,Crude birth rate,202,Cameroon,3,Both,14,45-49 years,3,Rate,2023,5.91943587759922,6.461398795104809,5.4473173900923655
51,Crude birth rate,202,Cameroon,3,Both,15,50-54 years,3,Rate,2023,0.5351800475193997,0.46595841391728154,0.6362794507197803
51,Crude birth rate,202,Cameroon,3,Both,162,10-19 years,3,Rate,2023,19.832398568522102,19.36073158883332,21.00875198184482
51,Crude birth rate,153,Syrian Arab Republic,3,Both,7,10-14 years,3,Rate,2023,0.11181372263378168,0.19231077990098688,0.06202465995653846
51,Crude birth rate,153,Syrian Arab Republic,3,Both,8,15-19 years,3,Rate,2023,9.899080796529429,10.292728649030908,9.915629656447722
51,Crude birth rate,153,Syrian Arab Republic,3,Both,9,20-24 years,3,Rate,2023,34.25621900025639,35.78177729734595,34.2372232312487
51,Crude birth rate,153,Syrian Arab Republic,3,Both,10,25-29 years,3,Rate,2023,59.63169362119061,56.77393455867227,65.87693929792619
51,Crude birth rate,153,Syrian Arab Republic,3,Both,11,30-34 years,3,Rate,2023,61.11227293032433,60.018272838855,64.3131240748288
51,Crude birth rate,153,Syrian Arab Republic,3,Both,12,35-39 years,3,Rate,2023,40.34678874399902,41.685880077255604,40.661911265958395
51,Crude birth rate,153,Syrian Arab Republic,3,Both,13,40-44 years,3,Rate,2023,11.878265956222888,12.982214432652489,11.389735774423503
51,Crude birth rate,153,Syrian Arab Republic,3,Both,14,45-49 years,3,Rate,2023,1.1545421599838739,1.396731117056005,0.9843771922981445
51,Crude birth rate,153,Syrian Arab Republic,3,Both,15,50-54 years,3,Rate,2023,0.10315586382822785,0.08914537410285998,0.12371235254044277
51,Crude birth rate,153,Syrian Arab Republic,3,Both,162,10-19 years,3,Rate,2023,5.351076619237454,5.5413281674307076,5.366881956529627
51,Crude birth rate,435,South Sudan,3,Both,7,10-14 years,3,Rate,2023,1.9080658807372595,3.4243018177764886,1.012496222413586
51,Crude birth rate,435,South Sudan,3,Both,8,15-19 years,3,Rate,2023,36.31012019023231,36.97512583945393,36.8627339948941
51,Crude birth rate,435,South Sudan,3,Both,9,20-24 years,3,Rate,2023,103.87311506482587,100.92836931878117,109.01700715678193
51,Crude birth rate,435,South Sudan,3,Both,10,25-29 years,3,Rate,2023,103.02682825299941,96.2294807642163,113.36784981509382
51,Crude birth rate,435,South Sudan,3,Both,11,30-34 years,3,Rate,2023,90.30921235956903,87.68192688072449,95.14547092439727
51,Crude birth rate,435,South Sudan,3,Both,12,35-39 years,3,Rate,2023,61.08164424304064,61.82566566390631,61.6771500208515
51,Crude birth rate,435,South Sudan,3,Both,13,40-44 years,3,Rate,2023,28.866651631028212,29.773111326888205,28.03438434391766
51,Crude birth rate,435,South Sudan,3,Both,14,45-49 years,3,Rate,2023,9.18619038797792,10.241531390457823,8.251367434033558
51,Crude birth rate,435,South Sudan,3,Both,15,50-54 years,3,Rate,2023,0.7960523883728219,0.7038589047038514,0.9228831274938325
51,Crude birth rate,435,South Sudan,3,Both,162,10-19 years,3,Rate,2023,18.400300627122235,18.562031099190154,18.836137463104063
51,Crude birth rate,157,Yemen,3,Both,7,10-14 years,3,Rate,2023,0.21876424771395805,0.3824152026210217,0.12239530671552708
51,Crude birth rate,157,Yemen,3,Both,8,15-19 years,3,Rate,2023,26.756292660812864,26.978882904433608,28.21644526816622
51,Crude birth rate,157,Yemen,3,Both,9,20-24 years,3,Rate,2023,89.5065571801754,86.24716127309337,97.44797973968194
51,Crude birth rate,157,Yemen,3,Both,10,25-29 years,3,Rate,2023,92.55147695279501,84.97491077144927,106.6801379404286
51,Crude birth rate,157,Yemen,3,Both,11,30-34 years,3,Rate,2023,83.2722880860312,78.76131705007523,92.64845156919503
51,Crude birth rate,157,Yemen,3,Both,12,35-39 years,3,Rate,2023,59.459550850224666,58.15074639114167,64.10631346442568
51,Crude birth rate,157,Yemen,3,Both,13,40-44 years,3,Rate,2023,29.576736063900047,29.287154696955895,30.858262434883283
51,Crude birth rate,157,Yemen,3,Both,14,45-49 years,3,Rate,2023,10.045854756950213,10.54303010269506,9.76540965574768
51,Crude birth rate,157,Yemen,3,Both,15,50-54 years,3,Rate,2023,0.9233220482942118,0.7986605815996074,1.1209917979981763
51,Crude birth rate,157,Yemen,3,Both,162,10-19 years,3,Rate,2023,12.52319040436002,12.623478964964672,13.207129275229061
51,Crude birth rate,160,Afghanistan,3,Both,7,10-14 years,3,Rate,2023,0.24181143561988427,0.375815178048444,0.1647927392805003
51,Crude birth rate,160,Afghanistan,3,Both,8,15-19 years,3,Rate,2023,31.351144086143826,27.688547726880657,40.86760984309987
51,Crude birth rate,160,Afghanistan,3,Both,9,20-24 years,3,Rate,2023,124.51784045065205,101.22661571637626,174.0362739162614
51,Crude birth rate,160,Afghanistan,3,Both,10,25-29 years,3,Rate,2023,135.86720795661208,106.54919342151378,197.63551870129123
51,Crude birth rate,160,Afghanistan,3,Both,11,30-34 years,3,Rate,2023,107.60613457535727,86.29455295868216,151.37002280797918
51,Crude birth rate,160,Afghanistan,3,Both,12,35-39 years,3,Rate,2023,67.63047421244767,56.42026484083848,91.2292231067177
51,Crude birth rate,160,Afghanistan,3,Both,13,40-44 years,3,Rate,2023,32.89004645841922,28.25003596385335,42.90147645675129
51,Crude birth rate,160,Afghanistan,3,Both,14,45-49 years,3,Rate,2023,13.23033091907048,11.713149843845208,16.370584538835963
51,Crude birth rate,160,Afghanistan,3,Both,15,50-54 years,3,Rate,2023,1.3214732179899673,1.014080829689645,1.9606232712277836
51,Crude birth rate,160,Afghanistan,3,Both,162,10-19 years,3,Rate,2023,14.686114040241119,12.927344258660234,19.187984176702972
51,Crude birth rate,161,Bangladesh,3,Both,7,10-14 years,3,Rate,2023,0.6532836483018991,1.2664321555444302,0.3155741679879716
51,Crude birth rate,161,Bangladesh,3,Both,8,15-19 years,3,Rate,2023,34.889258885508994,37.77333272301721,31.813801514739144
51,Crude birth rate,161,Bangladesh,3,Both,9,20-24 years,3,Rate,2023,61.34173902507476,65.7608887766835,56.937464885768314
51,Crude birth rate,161,Bangladesh,3,Both,10,25-29 years,3,Rate,2023,55.53520901815966,56.68099016943947,54.45277700071018
51,Crude birth rate,161,Bangladesh,3,Both,11,30-34 years,3,Rate,2023,42.48920765300245,45.03473942819912,39.89069061634764
51,Crude birth rate,161,Bangladesh,3,Both,12,35-39 years,3,Rate,2023,17.666242398151283,19.54384366498635,15.8718273389389
51,Crude birth rate,161,Bangladesh,3,Both,13,40-44 years,3,Rate,2023,3.3397632111148825,3.8348732789820703,2.813164686324208
51,Crude birth rate,161,Bangladesh,3,Both,14,45-49 years,3,Rate,2023,0.7184879320745196,0.863774220554837,0.5874640664316134
51,Crude birth rate,161,Bangladesh,3,Both,15,50-54 years,3,Rate,2023,0.06526047274721321,0.06239906006443512,0.06875087922675686
51,Crude birth rate,161,Bangladesh,3,Both,162,10-19 years,3,Rate,2023,17.692018306104252,19.191328244577072,16.132358908019626
51,Crude birth rate,204,Chad,3,Both,7,10-14 years,3,Rate,2023,3.714924355721775,6.688486768127355,1.9290689362854134
51,Crude birth rate,204,Chad,3,Both,8,15-19 years,3,Rate,2023,85.61514084702888,79.72584993953701,93.49010702754775
51,Crude birth rate,204,Chad,3,Both,9,20-24 years,3,Rate,2023,154.90432541331876,140.12464935959653,173.46794318301568
51,Crude birth rate,204,Chad,3,Both,10,25-29 years,3,Rate,2023,166.94586944058483,147.13010504542376,191.7314500935963
51,Crude birth rate,204,Chad,3,Both,11,30-34 years,3,Rate,2023,151.4462616237319,134.3336970658537,172.33662214978915
51,Crude birth rate,204,Chad,3,Both,12,35-39 years,3,Rate,2023,107.11570781338514,97.18501273705797,118.12851193197257
51,Crude birth rate,204,Chad,3,Both,13,40-44 years,3,Rate,2023,49.5062261780656,46.402961781264466,52.628803848795634
51,Crude birth rate,204,Chad,3,Both,14,45-49 years,3,Rate,2023,17.568211340971246,17.303994497190974,17.536477469469254
51,Crude birth rate,204,Chad,3,Both,15,50-54 years,3,Rate,2023,1.5267899485984782,1.3402584678084366,1.7584281498006227
51,Crude birth rate,204,Chad,3,Both,162,10-19 years,3,Rate,2023,40.19035141984058,37.5798952803971,43.67283239534137
51,Crude birth rate,211,Mali,3,Both,7,10-14 years,3,Rate,2023,3.2450634006173407,6.3233843392715725,1.550308068883941
51,Crude birth rate,211,Mali,3,Both,8,15-19 years,3,Rate,2023,68.37126353322444,70.4378694649789,67.16498865400847
51,Crude birth rate,211,Mali,3,Both,9,20-24 years,3,Rate,2023,137.26264605672822,137.68466589384343,137.31614432096933
51,Crude birth rate,211,Mali,3,Both,10,25-29 years,3,Rate,2023,148.0698187101857,144.2007420903983,153.60139400837917
51,Crude birth rate,211,Mali,3,Both,11,30-34 years,3,Rate,2023,126.86744731796263,125.52093407196652,129.06153466999012
51,Crude birth rate,211,Mali,3,Both,12,35-39 years,3,Rate,2023,89.34506544513462,90.16278027607088,88.56007280095777
51,Crude birth rate,211,Mali,3,Both,13,40-44 years,3,Rate,2023,42.965722021328205,44.30656648473054,41.74252815851125
51,Crude birth rate,211,Mali,3,Both,14,45-49 years,3,Rate,2023,15.291318682034625,16.412373812948736,14.03474780107247
51,Crude birth rate,211,Mali,3,Both,15,50-54 years,3,Rate,2023,1.3749962715811652,1.3098880343005164,1.453270072746265
51,Crude birth rate,211,Mali,3,Both,162,10-19 years,3,Rate,2023,32.71288579264858,33.5082718756316,32.20334219609135
51,Crude birth rate,213,Niger,3,Both,7,10-14 years,3,Rate,2023,2.8517342705756006,5.27598769711433,1.4370696087539359
51,Crude birth rate,213,Niger,3,Both,8,15-19 years,3,Rate,2023,77.4877183806855,74.80732144170865,81.1108865003738
51,Crude birth rate,213,Niger,3,Both,9,20-24 years,3,Rate,2023,150.17436589579165,139.77538559062933,162.7214435807885
51,Crude birth rate,213,Niger,3,Both,10,25-29 years,3,Rate,2023,155.6611158610392,141.5868264719238,172.81626844322895
51,Crude birth rate,213,Niger,3,Both,11,30-34 years,3,Rate,2023,146.8898462609118,134.0404696142352,162.22534934969312
51,Crude birth rate,213,Niger,3,Both,12,35-39 years,3,Rate,2023,102.63087823234837,96.16257271178712,109.64494557705618
51,Crude birth rate,213,Niger,3,Both,13,40-44 years,3,Rate,2023,53.82948618584094,51.44501640192417,56.402635304639425
51,Crude birth rate,213,Niger,3,Both,14,45-49 years,3,Rate,2023,21.3894968925954,20.993217011718148,21.479229005444154
51,Crude birth rate,213,Niger,3,Both,15,50-54 years,3,Rate,2023,1.885495346624695,1.7028159013715816,2.1070885724175104
51,Crude birth rate,213,Niger,3,Both,162,10-19 years,3,Rate,2023,36.506482528393576,35.2389149205874,38.12554980769766
51,Crude birth rate,214,Nigeria,3,Both,7,10-14 years,3,Rate,2023,2.9235204941982755,5.39531937615483,1.4957275123997331
51,Crude birth rate,214,Nigeria,3,Both,8,15-19 years,3,Rate,2023,37.036313814868244,38.49623063696641,36.27044179197347
51,Crude birth rate,214,Nigeria,3,Both,9,20-24 years,3,Rate,2023,104.57832169156852,104.78544242338984,105.69035672938675
51,Crude birth rate,214,Nigeria,3,Both,10,25-29 years,3,Rate,2023,113.31379499887392,107.15840116474544,121.45103778523942
51,Crude birth rate,214,Nigeria,3,Both,11,30-34 years,3,Rate,2023,104.80301964670966,101.18380064157827,109.13268964091418
51,Crude birth rate,214,Nigeria,3,Both,12,35-39 years,3,Rate,2023,68.01025068179732,68.07150419668032,67.77646779925512
51,Crude birth rate,214,Nigeria,3,Both,13,40-44 years,3,Rate,2023,35.32598948003706,36.21222093018767,34.37691455350803
51,Crude birth rate,214,Nigeria,3,Both,14,45-49 years,3,Rate,2023,16.414091166720947,17.13553107714922,15.71400571917139
51,Crude birth rate,214,Nigeria,3,Both,15,50-54 years,3,Rate,2023,1.5418471392630646,1.4032585739488495,1.7207441401212304
51,Crude birth rate,214,Nigeria,3,Both,162,10-19 years,3,Rate,2023,18.813016442894995,19.534315300991345,18.415522086331666
51,Crude birth rate,125,Colombia,3,Both,7,10-14 years,3,Rate,2023,0.4534286376518674,0.8498936910996484,0.22412571158126815
51,Crude birth rate,125,Colombia,3,Both,8,15-19 years,3,Rate,2023,18.016848809876127,19.3129294927915,16.654790026694787
51,Crude birth rate,125,Colombia,3,Both,9,20-24 years,3,Rate,2023,37.86327862045305,41.14531366530741,34.597768812078805
51,Crude birth rate,125,Colombia,3,Both,10,25-29 years,3,Rate,2023,42.96375244796032,43.33767295497149,42.339554437237425
51,Crude birth rate,125,Colombia,3,Both,11,30-34 years,3,Rate,2023,36.99791452549026,39.12491704537418,34.73523537234529
51,Crude birth rate,125,Colombia,3,Both,12,35-39 years,3,Rate,2023,22.698667139460472,24.9591744305395,20.358400250884937
51,Crude birth rate,125,Colombia,3,Both,13,40-44 years,3,Rate,2023,6.691570645989736,7.721813062395222,5.757663680961776
51,Crude birth rate,125,Colombia,3,Both,14,45-49 years,3,Rate,2023,0.7833565034657379,1.0002906762813102,0.5993823250449849
51,Crude birth rate,125,Colombia,3,Both,15,50-54 years,3,Rate,2023,0.07200293469045337,0.06714545713419151,0.07759894013852932
51,Crude birth rate,125,Colombia,3,Both,162,10-19 years,3,Rate,2023,9.60311863844422,10.251023384774824,8.869428654849713
51,Crude birth rate,133,Venezuela (Bolivarian Republic of),3,Both,7,10-14 years,3,Rate,2023,1.3365967442078708,2.428117890050538,0.6884125477605907
51,Crude birth rate,133,Venezuela (Bolivarian Republic of),3,Both,8,15-19 years,3,Rate,2023,37.993896264779266,38.087310110387484,37.612325945878816
51,Crude birth rate,133,Venezuela (Bolivarian Republic of),3,Both,9,20-24 years,3,Rate,2023,56.44394356634658,57.85277128847534,54.16158201014416
51,Crude birth rate,133,Venezuela (Bolivarian Republic of),3,Both,10,25-29 years,3,Rate,2023,43.41762587571048,42.54566026711429,44.626748034363864
51,Crude birth rate,133,Venezuela (Bolivarian Republic of),3,Both,11,30-34 years,3,Rate,2023,29.933286251560997,30.858039726902835,28.963364234039595
51,Crude birth rate,133,Venezuela (Bolivarian Republic of),3,Both,12,35-39 years,3,Rate,2023,16.24611643796867,17.52174554675055,14.95561936298957
51,Crude birth rate,133,Venezuela (Bolivarian Republic of),3,Both,13,40-44 years,3,Rate,2023,5.0910861714618925,5.736490024392071,4.456989065921562
51,Crude birth rate,133,Venezuela (Bolivarian Republic of),3,Both,14,45-49 years,3,Rate,2023,0.40621787345334787,0.4978322325349593,0.3195044630453812
51,Crude birth rate,133,Venezuela (Bolivarian Republic of),3,Both,15,50-54 years,3,Rate,2023,0.036630634494576236,0.03278905983484738,0.041211411742535356
51,Crude birth rate,133,Venezuela (Bolivarian Republic of),3,Both,162,10-19 years,3,Rate,2023,19.463095810303717,19.478503839594147,19.214731205065085
51,Crude birth rate,179,Ethiopia,3,Both,7,10-14 years,3,Rate,2023,1.427672196034949,2.5364030147924748,0.770607408744729
51,Crude birth rate,179,Ethiopia,3,Both,8,15-19 years,3,Rate,2023,23.62117748321468,24.10660953078175,24.03985215860356
51,Crude birth rate,179,Ethiopia,3,Both,9,20-24 years,3,Rate,2023,93.78388115776644,91.01746534362215,99.21960019103949
51,Crude birth rate,179,Ethiopia,3,Both,10,25-29 years,3,Rate,2023,93.4361754542264,87.02775386706571,103.26064447620693
51,Crude birth rate,179,Ethiopia,3,Both,11,30-34 years,3,Rate,2023,94.11974699153438,88.5850946821734,102.72219761121163
51,Crude birth rate,179,Ethiopia,3,Both,12,35-39 years,3,Rate,2023,67.81842600252475,65.76321035014502,71.91247564630787
51,Crude birth rate,179,Ethiopia,3,Both,13,40-44 years,3,Rate,2023,31.94985854988211,31.590741731574738,32.74934901801092
51,Crude birth rate,179,Ethiopia,3,Both,14,45-49 years,3,Rate,2023,8.864089534505096,9.510913184660764,8.275791222890332
51,Crude birth rate,179,Ethiopia,3,Both,15,50-54 years,3,Rate,2023,0.7834282101099125,0.6900347491203573,0.9173517963493295
51,Crude birth rate,179,Ethiopia,3,Both,162,10-19 years,3,Rate,2023,12.074274844408421,12.229036517607456,12.362916307463056
51,Crude birth rate,184,Mozambique,3,Both,7,10-14 years,3,Rate,2023,3.1530148724923714,5.969598612721094,1.5610911419420983
51,Crude birth rate,184,Mozambique,3,Both,8,15-19 years,3,Rate,2023,63.59133366961744,64.3370990172339,63.37873293091213
51,Crude birth rate,184,Mozambique,3,Both,9,20-24 years,3,Rate,2023,113.90320898715284,113.38763326740924,115.31814574894597
51,Crude birth rate,184,Mozambique,3,Both,10,25-29 years,3,Rate,2023,104.70750932320931,100.83150286025976,109.36258715978353
51,Crude birth rate,184,Mozambique,3,Both,11,30-34 years,3,Rate,2023,85.75409853008328,84.99192155520451,87.62864199240188
51,Crude birth rate,184,Mozambique,3,Both,12,35-39 years,3,Rate,2023,63.9392061112323,65.04007762040737,62.99902451566429
51,Crude birth rate,184,Mozambique,3,Both,13,40-44 years,3,Rate,2023,38.411788795086046,39.30221907032076,37.46880845559402
51,Crude birth rate,184,Mozambique,3,Both,14,45-49 years,3,Rate,2023,15.42876926677523,16.324583180946977,14.517543620088999
51,Crude birth rate,184,Mozambique,3,Both,15,50-54 years,3,Rate,2023,1.4280289342386827,1.323753474121999,1.5604111277945452
51,Crude birth rate,184,Mozambique,3,Both,162,10-19 years,3,Rate,2023,30.871245837643063,31.18485116757275,30.920734948680256
51,Crude birth rate,187,Somalia,3,Both,7,10-14 years,3,Rate,2023,2.5208923618258146,4.136965164864566,1.5732857941465221
51,Crude birth rate,187,Somalia,3,Both,8,15-19 years,3,Rate,2023,54.0842203489651,48.17941715290012,66.8557059946842
51,Crude birth rate,187,Somalia,3,Both,9,20-24 years,3,Rate,2023,133.33474818941764,112.16974273213899,175.08868645319572
51,Crude birth rate,187,Somalia,3,Both,10,25-29 years,3,Rate,2023,150.54349511712977,121.75083823747192,206.00582810805525
51,Crude birth rate,187,Somalia,3,Both,11,30-34 years,3,Rate,2023,132.41243670183923,108.59698128129374,178.29396914018895
51,Crude birth rate,187,Somalia,3,Both,12,35-39 years,3,Rate,2023,95.46550631587714,80.23731418791928,124.7985786930784
51,Crude birth rate,187,Somalia,3,Both,13,40-44 years,3,Rate,2023,46.864870449500295,40.19467248962551,59.09895558353015
51,Crude birth rate,187,Somalia,3,Both,14,45-49 years,3,Rate,2023,15.897689464731569,14.671671378263229,18.38489323897529
51,Crude birth rate,187,Somalia,3,Both,15,50-54 years,3,Rate,2023,1.477364845614923,1.1883163285710345,2.0313451943967946
51,Crude birth rate,187,Somalia,3,Both,162,10-19 years,3,Rate,2023,26.169806757115943,23.33171618184777,32.53571244524227
51,Crude birth rate,190,Uganda,3,Both,7,10-14 years,3,Rate,2023,1.9971851522534922,3.685564662480555,1.0152427171305223
51,Crude birth rate,190,Uganda,3,Both,8,15-19 years,3,Rate,2023,38.72255061400871,39.62158454924359,38.29619678606098
51,Crude birth rate,190,Uganda,3,Both,9,20-24 years,3,Rate,2023,115.28228305559377,112.5410737692269,119.25808497522799
51,Crude birth rate,190,Uganda,3,Both,10,25-29 years,3,Rate,2023,117.40640075274762,110.77284087403153,126.30834420027296
51,Crude birth rate,190,Uganda,3,Both,11,30-34 years,3,Rate,2023,92.83629151990364,89.8083020896483,95.97126140443338
51,Crude birth rate,190,Uganda,3,Both,12,35-39 years,3,Rate,2023,68.6578368143036,67.7929094502809,69.27239740442052
51,Crude birth rate,522,Sudan,3,Both,7,10-14 years,3,Rate,2023,0.17217702554236503,0.30363393169527714,0.09174946685869757
51,Crude birth rate,522,Sudan,3,Both,8,15-19 years,3,Rate,2023,18.565667233803833,18.875680161080396,18.35622473982713
51,Crude birth rate,522,Sudan,3,Both,9,20-24 years,3,Rate,2023,47.322114426699024,49.12105336998167,46.264964434008334
51,Crude birth rate,522,Sudan,3,Both,10,25-29 years,3,Rate,2023,76.06303710768574,71.65944246174021,82.75186925860758
51,Crude birth rate,522,Sudan,3,Both,11,30-34 years,3,Rate,2023,78.11022348897545,75.17565929578109,82.85728684004862
51,Crude birth rate,522,Sudan,3,Both,12,35-39 years,3,Rate,2023,53.94180577304808,53.57417791460733,54.68090035333149
51,Crude birth rate,522,Sudan,3,Both,13,40-44 years,3,Rate,2023,17.34920407960571,18.54107664297412,16.53867482917945
51,Crude birth rate,522,Sudan,3,Both,14,45-49 years,3,Rate,2023,3.5144620570582736,4.114096289020979,2.9640951844891266
51,Crude birth rate,522,Sudan,3,Both,15,50-54 years,3,Rate,2023,0.32519005392868183,0.2853776712773258,0.3776754677394434
51,Crude birth rate,522,Sudan,3,Both,162,10-19 years,3,Rate,2023,9.075320976213627,9.226666872763081,8.987922277808469
